{
    "Rajgir": [25.510794277279487, 85.55338216048118],
    "Pataliputra": [25.660724834723823, 84.94148400438928],
    "Begram and Mathura": [35.425514197637156, 69.06325358864365],
    "Pratishthana Amaravati": [19.976777278445752, 75.29621602470172],
    "Srikakulam, Krishna district": [16.472633893775924, 80.85819504102957],
    "Kandapura": [13.318775229764391, 77.51554996432522],
    "Rajahmundry": [17.388156196157386, 81.82423874761568],
    "Vangipuram or Peddavegi": [16.469174229070187, 80.35072942848902],
    "Vijayapuri South, Nagarjunakonda": [16.993073981874797, 79.30367903010709],
    "Kalinganagara": [21.464457551079743, 86.0310362568798],
    "Kannauj": [27.48050683065665, 79.98121516988626],
    "Manyakheta, Avanti": [17.740732317362344, 77.21122434951025],
    "Gadhipur": [28.894627961068856, 76.70276499614587],
    "Karur": [11.02234732602984, 78.08550930508237],
    "Dharapuram": [10.762589997300145, 77.52944634872966],
    "Puhar": [11.373499891837175, 79.85377699516106],
    "Madurai": [10.204002360083532, 78.07473892707063],
    "Gauá¸a": [25.37637144207326, 88.17482961559645],
    "Sigal": [31.414475287531268, 75.90230364293863],
    "Taxila": [34.324522182481466, 72.76667460587151],
    "Mathura": [28.074888661363165, 77.62945981439329],
    "Sagala": [31.010304090665308, 75.88212550400463],
    "Bhinmal": [25.34577395071912, 72.25366295788243],
    "Jaunpur":[26.068678625228756, 82.72769347215102]

}