{
    "Prayagraj": [25.462048470969922, 81.81701860322494],
    "Kolkata": [23.09142621069572, 88.47689605962346],
    "Shimla": [31.42986845543092, 77.19440934314385],
    "Delhi": [28.706229442724634, 77.31219449120009]

}